{
    "rmse": 0.7111418318693508,
    "mae": 0.5612796430939229,
    "r2": 0.23345586065120638
}